{"cameraMode":{"drawMode":0,"name":"Shaded","section":"Shading Mode"},"sceneLighting":true,"audioPlay":false,"sceneViewState":{"m_AlwaysRefresh":false,"showFog":true,"showSkybox":true,"showFlares":true,"showImageEffects":true,"showParticleSystems":true,"showVisualEffectGraphs":true,"m_FxEnabled":true},"in2DMode":false,"pivot":{"x":0.24575024843215943,"y":-0.04304021596908569,"z":0.2848828434944153},"rotation":{"x":-0.08464066684246063,"y":0.9039967060089111,"z":-0.21148349344730378,"w":-0.3618009388446808},"size":0.7034055590629578,"orthographic":false}